"Ethnicity","patient_count","obs_score"
"African","324","19.7592592592592593"
"Asian","386","20.3160621761658031"
"Hispanic","392","20.2831632653061224"
"Caucasian","398","19.7914572864321608"
